{
  "accel_bias": [
    -0.007650000000000046,
    0.0022500000000000298,
    0.17149999999999999
  ],
  "accel_scale": [
    1.0509169250170773,
    1.0635469290082424,
    1.0689470871191875
  ],
  "accel_ortho": [
    [
      1,
      0.20127625631480986,
      0.06242650988776056
    ],
    [
      -0.022857443119121384,
      1,
      0.10464991982896844
    ],
    [
      0.3453838474068625,
      0.392395639457591,
      1
    ]
  ],
  "gyro_bias": [
    -2.2323,
    -7.4741,
    -7.9298
  ]
}